ID,Name,E-mail,Is_Admin,Created_At,Updated_At
1,nud√•,csatterfield@example.org,0,"2017-10-16 15:14:44","2017-10-16 16:25:08"
2,tja,estella41@example.com,0,"2017-10-16 15:14:44","2017-10-16 16:26:30"
3,"Ronaldo Witting",dustin.abernathy@example.com,0,"2017-10-16 15:14:44","2017-10-16 15:14:44"
4,"Camylle Spinka Jr.",kstiedemann@example.com,0,"2017-10-16 15:14:44","2017-10-16 15:14:44"
5,"Prof. Cassandre Schmidt",otha.howell@example.org,0,"2017-10-16 15:14:44","2017-10-16 15:14:44"
6,"Mr. Allan Ankunding",ihahn@example.com,0,"2017-10-16 15:14:44","2017-10-16 15:14:44"
7,"Dr. Hillard Mitchell II",ines57@example.net,0,"2017-10-16 15:14:44","2017-10-16 15:14:44"
8,"Heaven Monahan",lelia.boyer@example.net,0,"2017-10-16 15:14:44","2017-10-16 15:14:44"
9,"Demarcus Beahan",jstiedemann@example.com,0,"2017-10-16 15:14:44","2017-10-16 15:14:44"
10,"Lolita Breitenberg",betsy.mertz@example.com,0,"2017-10-16 15:14:44","2017-10-16 15:14:44"
11,"Anabelle Lind Jr.",olehner@example.com,0,"2017-10-16 15:14:44","2017-10-16 15:14:44"
12,"Ms. Evalyn Pouros",sienna.zemlak@example.org,0,"2017-10-16 15:14:44","2017-10-16 15:14:44"
13,"Dr. Agustin Parisian MD",zrau@example.net,0,"2017-10-16 15:14:44","2017-10-16 15:14:44"
14,"Lucie Buckridge",mbeatty@example.org,0,"2017-10-16 15:14:44","2017-10-16 15:14:44"
15,"Hertha Jones",louisa91@example.net,0,"2017-10-16 15:14:44","2017-10-16 15:14:44"
16,"Zena Ziemann",dstiedemann@example.com,0,"2017-10-16 15:14:44","2017-10-16 15:14:44"
17,"Mrs. Aletha Parker DVM",walsh.napoleon@example.net,0,"2017-10-16 15:14:44","2017-10-16 15:14:44"
18,"Tiana Mertz",memard@example.com,0,"2017-10-16 15:14:44","2017-10-16 15:14:44"
19,"Kasey Greenfelder",balistreri.kiley@example.net,0,"2017-10-16 15:14:44","2017-10-16 15:14:44"
20,"Steve Bradtke",ozella87@example.net,0,"2017-10-16 15:14:44","2017-10-16 15:14:44"
21,"Jakob Yundt",toy.wehner@example.org,0,"2017-10-16 15:14:44","2017-10-16 15:14:44"
22,"Diamond Leffler",jody39@example.com,0,"2017-10-16 15:14:44","2017-10-16 15:14:44"
23,"Deborah O'Reilly II",bartell.lilla@example.net,0,"2017-10-16 15:14:44","2017-10-16 15:14:44"
24,"Cecile Wisoky",lakin.adan@example.org,0,"2017-10-16 15:14:44","2017-10-16 15:14:44"
25,"Cole Daniel",arne98@example.org,0,"2017-10-16 15:14:44","2017-10-16 15:14:44"
26,"Dena Spencer",jast.makayla@example.net,0,"2017-10-16 15:14:44","2017-10-16 15:14:44"
27,"Mr. Enrique Greenholt",volkman.antwan@example.com,0,"2017-10-16 15:14:44","2017-10-16 15:14:44"
28,"Dr. Fritz Towne",doyle.sedrick@example.org,0,"2017-10-16 15:14:44","2017-10-16 15:14:44"
29,"Dr. Lonny Watsica",aubree76@example.com,0,"2017-10-16 15:14:44","2017-10-16 15:14:44"
30,"Adaline Doyle",klocko.niko@example.net,0,"2017-10-16 15:14:44","2017-10-16 15:14:44"
31,"Angel Hayes",cummings.alexandrine@example.org,0,"2017-10-16 15:14:44","2017-10-16 15:14:44"
32,"Mr. Wilson Mertz",emmanuel05@example.org,0,"2017-10-16 15:14:44","2017-10-16 15:14:44"
33,"Magdalena Bergnaum",jeanette.goldner@example.com,0,"2017-10-16 15:14:44","2017-10-16 15:14:44"
34,"Prof. Jeanette Willms III",ywillms@example.net,0,"2017-10-16 15:14:44","2017-10-16 15:14:44"
35,"Mrs. Marlene Satterfield MD",zlittle@example.org,0,"2017-10-16 15:14:44","2017-10-16 15:14:44"
36,"Wilbert Koch",rocio.nienow@example.org,0,"2017-10-16 15:14:44","2017-10-16 15:14:44"
37,"Dr. Nikko Bartoletti",zschaefer@example.com,0,"2017-10-16 15:14:44","2017-10-16 15:14:44"
38,"Madilyn Cormier",kathlyn.hartmann@example.com,0,"2017-10-16 15:14:44","2017-10-16 15:14:44"
39,"Tessie Cremin",caden32@example.org,0,"2017-10-16 15:14:44","2017-10-16 15:14:44"
40,"Rudy Stokes",lubowitz.winona@example.com,0,"2017-10-16 15:14:44","2017-10-16 15:14:44"
41,"Mohamed Ratke",larkin.bernhard@example.com,0,"2017-10-16 15:14:44","2017-10-16 15:14:44"
42,"Miss Guadalupe Dickens III",bjacobi@example.net,0,"2017-10-16 15:14:44","2017-10-16 15:14:44"
43,"Edison Okuneva",collins.horace@example.net,0,"2017-10-16 15:14:44","2017-10-16 15:14:44"
44,"Dr. Margie Schulist PhD",onikolaus@example.net,0,"2017-10-16 15:14:44","2017-10-16 15:14:44"
45,"Mafalda Eichmann",qstanton@example.org,0,"2017-10-16 15:14:44","2017-10-16 15:14:44"
46,"Mr. Domenic Koelpin V",dorris.robel@example.com,0,"2017-10-16 15:14:44","2017-10-16 15:14:44"
47,"Barbara Dooley MD",federico02@example.org,0,"2017-10-16 15:14:44","2017-10-16 15:14:44"
48,"Dr. Lori Wilderman II",hudson86@example.net,0,"2017-10-16 15:14:44","2017-10-16 15:14:44"
49,"Itzel Raynor",roy.senger@example.net,0,"2017-10-16 15:14:44","2017-10-16 15:14:44"
50,"Brittany Kihn",heller.antwan@example.com,0,"2017-10-16 15:14:44","2017-10-16 15:14:44"
51,"Dr. Willis Altenwerth",kieran.rau@example.org,0,"2017-10-16 15:14:44","2017-10-16 15:14:44"
52,"Madyson Abshire DVM",claud.effertz@example.com,0,"2017-10-16 15:14:44","2017-10-16 15:14:44"
53,"Merl Ruecker",holden25@example.org,0,"2017-10-16 15:14:44","2017-10-16 15:14:44"
54,"Maxie Fay IV",rnader@example.com,0,"2017-10-16 15:14:44","2017-10-16 15:14:44"
55,"Emile Cassin I",dabernathy@example.com,0,"2017-10-16 15:14:44","2017-10-16 15:14:44"
56,"Norwood Collins MD",charles96@example.org,0,"2017-10-16 15:14:44","2017-10-16 15:14:44"
57,"Douglas Satterfield",hlind@example.com,0,"2017-10-16 15:14:44","2017-10-16 15:14:44"
58,"Brice Mann",ritchie.lexus@example.com,0,"2017-10-16 15:14:44","2017-10-16 15:14:44"
59,"Reta Metz I",enolan@example.com,0,"2017-10-16 15:14:44","2017-10-16 15:14:44"
60,"Muriel Howe Sr.",sophia96@example.com,0,"2017-10-16 15:14:44","2017-10-16 15:14:44"
61,"Dr. Ewald Kertzmann II",jessika.streich@example.net,0,"2017-10-16 15:14:44","2017-10-16 15:14:44"
62,"Buford Purdy",royal94@example.org,0,"2017-10-16 15:14:44","2017-10-16 15:14:44"
63,"Miss Tabitha Williamson",baumbach.kraig@example.org,0,"2017-10-16 15:14:44","2017-10-16 15:14:44"
64,"Emiliano Graham",carol.zboncak@example.net,0,"2017-10-16 15:14:44","2017-10-16 15:14:44"
65,"Lavon Murphy",kmarks@example.org,0,"2017-10-16 15:14:44","2017-10-16 15:14:44"
66,"Delfina Boehm",donny.friesen@example.net,0,"2017-10-16 15:14:44","2017-10-16 15:14:44"
67,"Prof. Dwight Botsford",bziemann@example.com,0,"2017-10-16 15:14:44","2017-10-16 15:14:44"
68,"Mr. Dee Larson IV",jackeline.keeling@example.org,0,"2017-10-16 15:14:44","2017-10-16 15:14:44"
69,"Mrs. Miracle Purdy",luther72@example.org,0,"2017-10-16 15:14:44","2017-10-16 15:14:44"
70,"Guillermo Kirlin",runolfsson.ruthe@example.net,0,"2017-10-16 15:14:44","2017-10-16 15:14:44"
71,"Davon Kautzer MD",evie52@example.org,0,"2017-10-16 15:14:44","2017-10-16 15:14:44"
72,"Prof. Manuela Wehner V",uferry@example.com,0,"2017-10-16 15:14:44","2017-10-16 15:14:44"
73,"Vernice Block",jledner@example.net,0,"2017-10-16 15:14:44","2017-10-16 15:14:44"
74,"Ms. Janie Deckow III",shyanne75@example.com,0,"2017-10-16 15:14:44","2017-10-16 15:14:44"
75,"Dr. Mckayla Smitham",flindgren@example.net,0,"2017-10-16 15:14:44","2017-10-16 15:14:44"
76,"Jacinthe Hoppe",hilario.bergnaum@example.net,0,"2017-10-16 15:14:44","2017-10-16 15:14:44"
77,"Hannah Towne",zturcotte@example.net,0,"2017-10-16 15:14:44","2017-10-16 15:14:44"
78,"Diamond Lang",kirstin.haag@example.com,0,"2017-10-16 15:14:44","2017-10-16 15:14:44"
79,"Carmine Miller",easton.renner@example.net,0,"2017-10-16 15:14:44","2017-10-16 15:14:44"
80,"Mia Walter PhD",rita.deckow@example.org,0,"2017-10-16 15:14:44","2017-10-16 15:14:44"
81,"Karley Daniel",eleazar.gorczany@example.net,0,"2017-10-16 15:14:44","2017-10-16 15:14:44"
82,"Delilah Haag",rbauch@example.net,0,"2017-10-16 15:14:44","2017-10-16 15:14:44"
83,"Ellie Hagenes DDS",wschmidt@example.org,0,"2017-10-16 15:14:44","2017-10-16 15:14:44"
84,"Casper Goldner PhD",jacobson.maximus@example.net,0,"2017-10-16 15:14:44","2017-10-16 15:14:44"
85,"Alize D'Amore",elindgren@example.net,0,"2017-10-16 15:14:44","2017-10-16 15:14:44"
86,"Callie Effertz",agibson@example.com,0,"2017-10-16 15:14:44","2017-10-16 15:14:44"
87,"Herbert Abshire",white.randall@example.org,0,"2017-10-16 15:14:45","2017-10-16 15:14:45"
88,"Zora Cummings",vmraz@example.net,0,"2017-10-16 15:14:45","2017-10-16 15:14:45"
89,"Gage Glover",dickinson.vita@example.net,0,"2017-10-16 15:14:45","2017-10-16 15:14:45"
90,"Cameron Crist",vlehner@example.com,0,"2017-10-16 15:14:45","2017-10-16 15:14:45"
91,"Marty Johns II",angelica.auer@example.net,0,"2017-10-16 15:14:45","2017-10-16 15:14:45"
92,"Mr. Jerrell Schoen",gorczany.oral@example.net,0,"2017-10-16 15:14:45","2017-10-16 15:14:45"
93,"Dr. Mohammad Walter II",zoila.wolf@example.com,0,"2017-10-16 15:14:45","2017-10-16 15:14:45"
94,"Arnaldo Goyette",hershel45@example.com,0,"2017-10-16 15:14:45","2017-10-16 15:14:45"
95,"Lenna Stracke",wilmer.jerde@example.com,0,"2017-10-16 15:14:45","2017-10-16 15:14:45"
96,"Mr. Nickolas Lynch I",jward@example.com,0,"2017-10-16 15:14:45","2017-10-16 15:14:45"
97,"Geraldine Kautzer Sr.",vbotsford@example.com,0,"2017-10-16 15:14:45","2017-10-16 15:14:45"
98,"Ms. Carolyne Cummings",lwiegand@example.org,0,"2017-10-16 15:14:45","2017-10-16 15:14:45"
99,"Henderson Walsh PhD",stanton.elisha@example.com,0,"2017-10-16 15:14:45","2017-10-16 15:14:45"
100,"Katherine Hyatt",keeling.lizzie@example.com,0,"2017-10-16 15:14:45","2017-10-16 15:14:45"
101,Tobbe,tobbe@tobbe.com,1,"2017-10-16 15:14:45","2017-10-16 15:14:45"
